[
  {
    "id": 1,
    "priority": 1,
    "action": {
      "type": "modifyHeaders",
      "responseHeaders": [
        {
          "header": "Content-Security-Policy",
          "operation": "remove"
        },
        {
          "header": "Access-Control-Allow-Origin",
          "operation": "set",
          "value": "*"
        },
        {
          "header": "Access-Control-Allow-Headers",
          "operation": "set",
          "value": "*"
        },
        {
          "header": "Access-Control-Allow-Methods",
          "operation": "set",
          "value": "*"
        }
      ]
    },
    "condition": {
      "urlFilter": "blooket.com",
      "resourceTypes": ["main_frame", "sub_frame"]
    }
  }
]
